<skin no=0>
        <bitmap background=Background.bmp buttons=ButtonsPressed.bmp/>
        <viewport left=0 top=1 width=240 height=221/>
        <title left=1 top=222 width=238 height=14/>
        <title_color textred=255 textgreen=255 textblue=255 backred=0 backgreen=0 backblue=0/>
        <seek left=2 top=240 width=236 height=6/>
        <seek_thumb left=2 top=240 width=12 height=6 pushedleft=228 pushedtop=31/>
        <open left=5 top=247 width=19 height=18 pushedleft=5 pushedtop=1/>
        <shuffle left=5 top=271 width=19 height=18 pushedleft=5 pushedtop=25/>
        <repeat left=29 top=271 width=19 height=18 pushedleft=29 pushedtop=25/>
        <stop left=191 top=247 width=19 height=18 pushedleft=191 pushedtop=1/>
        <prev left=52 top=260 width=47 height=24 pushedleft=52 pushedtop=14/>
        <play left=99 top=247 width=40 height=49 pushedleft=99 pushedtop=1/>
        <next left=139 top=260 width=47 height=24 pushedleft=139 pushedtop=14/>
        <mute left=216 top=247 width=20 height=18 pushedleft=216 pushedtop=1/>
        <volume left=191 top=275 width=44 height=13/>
        <volume_thumb left=191 top=275 width=12 height=13 pushedleft=228 pushedtop=37/>
        <playlist left=29 top=247 width=19 height=18 pushedleft=29 pushedtop=1/>
</skin>
<skin no=1>
        <bitmap background=Background.bmp buttons=ButtonsPressed.bmp/>
        <viewport left=0 top=1 width=240 height=221/>
        <title left=1 top=222 width=238 height=14/>
        <title_color textred=255 textgreen=255 textblue=255 backred=0 backgreen=0 backblue=0/>
        <seek left=2 top=239 width=236 height=6/>
        <seek_thumb left=2 top=239 width=12 height=6 pushedleft=228 pushedtop=31/>
        <open left=5 top=247 width=19 height=18 pushedleft=5 pushedtop=1/>
        <shuffle left=5 top=271 width=19 height=18 pushedleft=5 pushedtop=25/>
        <repeat left=29 top=271 width=19 height=18 pushedleft=29 pushedtop=25/>
        <stop left=191 top=247 width=19 height=18 pushedleft=191 pushedtop=1/>
        <prev left=52 top=260 width=47 height=24 pushedleft=52 pushedtop=14/>
        <play left=99 top=247 width=40 height=49 pushedleft=99 pushedtop=1/>
        <next left=139 top=260 width=47 height=24 pushedleft=139 pushedtop=14/>
        <mute left=216 top=247 width=20 height=18 pushedleft=216 pushedtop=1/>
        <volume left=191 top=275 width=44 height=13/>
        <volume_thumb left=191 top=275 width=12 height=13 pushedleft=228 pushedtop=37/>
        <playlist left=29 top=247 width=19 height=18 pushedleft=29 pushedtop=1/>
</skin>
