<skin no=0>
        <bitmap background=Background.bmp buttons=ButtonsPressed.bmp/>
        <viewport left=0 top=1 width=800 height=295/>
        <title left=10 top=296 width=780 height=14/>
        <title_color textred=255 textgreen=255 textblue=255 backred=0 backgreen=0 backblue=0/>
        <seek left=12 top=316 width=776 height=12/>
        <seek_thumb left=12 top=316 width=24 height=12 pushedleft=616 pushedtop=0/>
        <open left=95 top=355 width=48 height=48 pushedleft=15 pushedtop=25/>
        <stop left=213 top=355 width=48 height=48 pushedleft=133 pushedtop=25/>
        <prev left=265 top=355 width=96 height=48 pushedleft=185 pushedtop=25/>
        <play left=360 top=330 width=80 height=98 pushedleft=280 pushedtop=0/>
        <next left=440 top=355 width=96 height=48 pushedleft=360 pushedtop=25/>
        <mute left=540 top=355 width=48 height=48 pushedleft=460 pushedtop=25/>
        <volume left=595 top=367 width=95 height=24/>
        <volume_thumb left=595 top=367 width=24 height=24 pushedleft=616 pushedtop=12/>
        <playlist left=145 top=355 width=48 height=48 pushedleft=65 pushedtop=25/>
</skin>
<skin no=1>
        <bitmap background=Background.bmp buttons=ButtonsPressed.bmp/>
        <viewport left=0 top=1 width=800 height=295/>
        <title left=10 top=296 width=780 height=14/>
        <title_color textred=255 textgreen=255 textblue=255 backred=0 backgreen=0 backblue=0/>
        <seek left=12 top=316 width=776 height=12/>
        <seek_thumb left=12 top=316 width=24 height=12 pushedleft=616 pushedtop=0/>
        <open left=95 top=355 width=48 height=48 pushedleft=15 pushedtop=25/>
        <stop left=213 top=355 width=48 height=48 pushedleft=133 pushedtop=25/>
        <prev left=265 top=355 width=96 height=48 pushedleft=185 pushedtop=25/>
        <play left=360 top=330 width=80 height=98 pushedleft=280 pushedtop=0/>
        <next left=440 top=355 width=96 height=48 pushedleft=360 pushedtop=25/>
        <mute left=540 top=355 width=48 height=48 pushedleft=460 pushedtop=25/>
        <volume left=595 top=367 width=95 height=24/>
        <volume_thumb left=595 top=367 width=24 height=24 pushedleft=616 pushedtop=12/>
        <playlist left=145 top=355 width=48 height=48 pushedleft=65 pushedtop=25/>
</skin>
