<skin no=0>
        <bitmap background=Background.bmp buttons=ButtonsPressed.bmp/>
        <viewport left=0 top=1 width=272 height=331/>
        <title left=16 top=357 width=240 height=14/>
        <title_color textred=255 textgreen=255 textblue=255 backred=0 backgreen=0 backblue=0/>
        <seek left=18 top=373 width=236 height=6/>
        <seek_thumb left=18 top=373 width=12 height=6 pushedleft=228 pushedtop=31/>
        <open left=21 top=380 width=19 height=18 pushedleft=5 pushedtop=1/>
        <shuffle left=21 top=404 width=19 height=18 pushedleft=5 pushedtop=25/>
        <repeat left=45 top=404 width=19 height=18 pushedleft=29 pushedtop=25/>
        <stop left=207 top=380 width=19 height=18 pushedleft=191 pushedtop=1/>
        <prev left=68 top=393 width=47 height=24 pushedleft=52 pushedtop=14/>
        <play left=115 top=380 width=40 height=49 pushedleft=99 pushedtop=1/>
        <next left=155 top=393 width=47 height=24 pushedleft=139 pushedtop=14/>
        <mute left=232 top=380 width=20 height=18 pushedleft=216 pushedtop=1/>
        <volume left=207 top=408 width=44 height=13/>
        <volume_thumb left=207 top=408 width=12 height=13 pushedleft=228 pushedtop=37/>
        <playlist left=45 top=380 width=19 height=18 pushedleft=29 pushedtop=1/>
</skin>
<skin no=1>
        <bitmap background=Background.bmp buttons=ButtonsPressed.bmp/>
        <viewport left=0 top=1 width=272 height=331/>
        <title left=16 top=357 width=240 height=14/>
        <title_color textred=255 textgreen=255 textblue=255 backred=0 backgreen=0 backblue=0/>
        <seek left=18 top=373 width=236 height=6/>
        <seek_thumb left=18 top=373 width=12 height=6 pushedleft=228 pushedtop=31/>
        <open left=21 top=380 width=19 height=18 pushedleft=5 pushedtop=1/>
        <shuffle left=21 top=404 width=19 height=18 pushedleft=5 pushedtop=25/>
        <repeat left=45 top=404 width=19 height=18 pushedleft=29 pushedtop=25/>
        <stop left=207 top=380 width=19 height=18 pushedleft=191 pushedtop=1/>
        <prev left=68 top=393 width=47 height=24 pushedleft=52 pushedtop=14/>
        <play left=115 top=380 width=40 height=49 pushedleft=99 pushedtop=1/>
        <next left=155 top=393 width=47 height=24 pushedleft=139 pushedtop=14/>
        <mute left=232 top=380 width=20 height=18 pushedleft=216 pushedtop=1/>
        <volume left=207 top=408 width=44 height=13/>
        <volume_thumb left=207 top=408 width=12 height=13 pushedleft=228 pushedtop=37/>
        <playlist left=45 top=380 width=19 height=18 pushedleft=29 pushedtop=1/>
</skin>
