<skin no=0>
        <bitmap background=Background.bmp buttons=ButtonsPressed.bmp/>
        <viewport left=0 top=1 width=320 height=142/>
        <title left=1 top=143 width=318 height=14/>
        <title_color textred=255 textgreen=255 textblue=255 backred=0 backgreen=0 backblue=0/>
        <seek left=2 top=160 width=316 height=6/>
        <seek_thumb left=2 top=160 width=12 height=6 pushedleft=308 pushedtop=0/>
        <open left=6 top=180 width=26 height=24 pushedleft=6 pushedtop=13/>
        <stop left=65 top=180 width=27 height=24 pushedleft=65 pushedtop=13/>
        <prev left=93 top=180 width=47 height=24 pushedleft=93 pushedtop=13/>
        <play left=140 top=167 width=40 height=49 pushedleft=140 pushedtop=0/>
        <next left=180 top=180 width=47 height=24 pushedleft=180 pushedtop=13/>
        <mute left=227 top=180 width=27 height=24 pushedleft=227 pushedtop=13/>
        <volume left=256 top=185 width=51 height=13/>
        <volume_thumb left=256 top=185 width=12 height=13 pushedleft=308 pushedtop=6/>
        <playlist left=32 top=180 width=26 height=24 pushedleft=32 pushedtop=13/>
</skin>
<skin no=1>
        <bitmap background=Background.bmp buttons=ButtonsPressed.bmp/>
        <viewport left=0 top=1 width=320 height=142/>
        <title left=1 top=143 width=318 height=14/>
        <title_color textred=255 textgreen=255 textblue=255 backred=0 backgreen=0 backblue=0/>
        <seek left=2 top=160 width=316 height=6/>
        <seek_thumb left=2 top=160 width=12 height=6 pushedleft=308 pushedtop=0/>
        <open left=6 top=180 width=26 height=24 pushedleft=6 pushedtop=13/>
        <stop left=65 top=180 width=27 height=24 pushedleft=65 pushedtop=13/>
        <prev left=93 top=180 width=47 height=24 pushedleft=93 pushedtop=13/>
        <play left=140 top=167 width=40 height=49 pushedleft=140 pushedtop=0/>
        <next left=180 top=180 width=47 height=24 pushedleft=180 pushedtop=13/>
        <mute left=227 top=180 width=27 height=24 pushedleft=227 pushedtop=13/>
        <volume left=256 top=185 width=51 height=13/>
        <volume_thumb left=256 top=185 width=12 height=13 pushedleft=308 pushedtop=6/>
        <playlist left=32 top=180 width=26 height=24 pushedleft=32 pushedtop=13/>
</skin>
