<skin no=0>
        <bitmap background=Background.bmp buttons=ButtonsPressed.bmp/>
        <viewport left=0 top=1 width=480 height=136/>
        <title left=3 top=137 width=474 height=14/>
        <title_color textred=255 textgreen=255 textblue=255 backred=0 backgreen=0 backblue=0/>
        <seek left=8 top=154 width=464 height=6/>
        <seek_thumb left=8 top=154 width=12 height=6 pushedleft=0 pushedtop=0/>
        <open left=26 top=174 width=26 height=24 pushedleft=27 pushedtop=13/>
        <shuffle left=79 top=174 width=26 height=24 pushedleft=79 pushedtop=13/>
        <repeat left=105 top=174 width=26 height=24 pushedleft=105 pushedtop=13/>
        <stop left=143 top=174 width=27 height=24 pushedleft=143 pushedtop=13/>
        <prev left=173 top=174 width=47 height=24 pushedleft=173 pushedtop=13/>
        <play left=220 top=161 width=40 height=49 pushedleft=220 pushedtop=0/>
        <next left=260 top=174 width=47 height=24 pushedleft=260 pushedtop=13/>
        <ffwd left=312 top=174 width=31 height=24 pushedleft=312 pushedtop=13/>
        <mute left=345 top=176 width=30 height=24 pushedleft=345 pushedtop=15/>
        <volume left=380 top=179 width=63 height=13/>
        <volume_thumb left=380 top=179 width=12 height=13 pushedleft=0 pushedtop=6/>
        <playlist left=53 top=174 width=26 height=24 pushedleft=53 pushedtop=13/>
</skin>
<skin no=1>
        <bitmap background=Background.bmp buttons=ButtonsPressed.bmp/>
        <viewport left=0 top=1 width=480 height=136/>
        <title left=3 top=137 width=474 height=14/>
        <title_color textred=255 textgreen=255 textblue=255 backred=0 backgreen=0 backblue=0/>
        <seek left=8 top=154 width=464 height=6/>
        <seek_thumb left=8 top=154 width=12 height=6 pushedleft=0 pushedtop=0/>
        <open left=26 top=174 width=26 height=24 pushedleft=27 pushedtop=13/>
        <shuffle left=79 top=174 width=26 height=24 pushedleft=79 pushedtop=13/>
        <repeat left=105 top=174 width=26 height=24 pushedleft=105 pushedtop=13/>
        <stop left=143 top=174 width=27 height=24 pushedleft=143 pushedtop=13/>
        <prev left=173 top=174 width=47 height=24 pushedleft=173 pushedtop=13/>
        <play left=220 top=161 width=40 height=49 pushedleft=220 pushedtop=0/>
        <next left=260 top=174 width=47 height=24 pushedleft=260 pushedtop=13/>
        <ffwd left=312 top=174 width=31 height=24 pushedleft=312 pushedtop=13/>
        <mute left=345 top=176 width=30 height=24 pushedleft=345 pushedtop=15/>
        <volume left=380 top=179 width=63 height=13/>
        <volume_thumb left=380 top=179 width=12 height=13 pushedleft=0 pushedtop=6/>
        <playlist left=53 top=174 width=26 height=24 pushedleft=53 pushedtop=13/>
</skin>
